{"timestamp":"2026-06-21T13:01:20Z","broker":"kafka","mode":"publish","scenario":"valid","expect":"any","cache_ttl":"2s","total":10000,"concurrency":5,"success":10000,"errors":0,"allowed":6426,"blocked":3574,"denied":0,"invalid_signature":0,"handler_calls":0,"elapsed_seconds":18.011695537,"throughput":555.1948165822474,"avg_ms":8.994819,"p50_ms":10.682176,"p95_ms":11.088967,"p99_ms":11.868605,"max_ms":34.187477}
