{"timestamp":"2026-06-21T13:01:36Z","broker":"nats","mode":"publish","scenario":"valid","expect":"any","cache_ttl":"2s","total":10000,"concurrency":5,"success":10000,"errors":0,"allowed":8222,"blocked":1778,"denied":0,"invalid_signature":0,"handler_calls":0,"elapsed_seconds":11.715656419,"throughput":853.5586605102541,"avg_ms":5.844864,"p50_ms":5.729934,"p95_ms":6.331167,"p99_ms":7.409251,"max_ms":31.638796}
