{"timestamp":"2026-06-21T13:33:09Z","broker":"kafka","mode":"publish","scenario":"valid","expect":"allowed","cache_ttl":"2s","total":2000,"concurrency":50,"success":2000,"errors":0,"allowed":2000,"blocked":0,"denied":0,"invalid_signature":0,"handler_calls":0,"elapsed_seconds":0.403468663,"throughput":4957.014468308286,"avg_ms":9.570378,"p50_ms":5.959537,"p95_ms":9.414487,"p99_ms":140.763355,"max_ms":152.005933}
