{"timestamp":"2026-06-21T13:32:59Z","broker":"kafka","mode":"publish","scenario":"valid","expect":"allowed","cache_ttl":"2s","total":2000,"concurrency":50,"success":2000,"errors":0,"allowed":2000,"blocked":0,"denied":0,"invalid_signature":0,"handler_calls":0,"elapsed_seconds":0.466287661,"throughput":4289.1977791366,"avg_ms":11.486916,"p50_ms":5.970188,"p95_ms":7.810295,"p99_ms":229.603342,"max_ms":231.133873}
