{"timestamp":"2026-06-21T13:33:01Z","broker":"kafka","mode":"publish","scenario":"valid","expect":"allowed","cache_ttl":"2s","total":2000,"concurrency":50,"success":2000,"errors":0,"allowed":2000,"blocked":0,"denied":0,"invalid_signature":0,"handler_calls":0,"elapsed_seconds":0.404651367,"throughput":4942.526241360752,"avg_ms":9.550567,"p50_ms":5.829457,"p95_ms":10.24899,"p99_ms":92.754785,"max_ms":185.415405}
