{"timestamp":"2026-06-21T13:33:35Z","broker":"kafka","mode":"publish","scenario":"valid","expect":"any","cache_ttl":"2s","total":50000,"concurrency":10,"success":50000,"errors":0,"allowed":38847,"blocked":11153,"denied":0,"invalid_signature":0,"handler_calls":0,"elapsed_seconds":39.146773624,"throughput":1277.2444666894883,"avg_ms":7.820746,"p50_ms":8.787559,"p95_ms":9.352737,"p99_ms":12.645893,"max_ms":59.075591}
