{"timestamp":"2026-06-21T13:33:58Z","broker":"nats","mode":"publish","scenario":"valid","expect":"any","cache_ttl":"2s","total":50000,"concurrency":10,"success":50000,"errors":0,"allowed":38978,"blocked":11022,"denied":0,"invalid_signature":0,"handler_calls":0,"elapsed_seconds":19.697207734,"throughput":2538.4308616339235,"avg_ms":3.930801,"p50_ms":3.788481,"p95_ms":4.648743,"p99_ms":6.521424,"max_ms":89.361523}
