{"timestamp":"2026-06-21T13:33:44Z","broker":"nats","mode":"publish","scenario":"valid","expect":"allowed","cache_ttl":"2s","total":2000,"concurrency":50,"success":2000,"errors":0,"allowed":2000,"blocked":0,"denied":0,"invalid_signature":0,"handler_calls":0,"elapsed_seconds":0.248814885,"throughput":8038.104311966706,"avg_ms":5.589095,"p50_ms":1.702283,"p95_ms":12.513272,"p99_ms":104.136713,"max_ms":190.352701}
