{"timestamp":"2026-06-21T13:33:43Z","broker":"nats","mode":"publish","scenario":"valid","expect":"allowed","cache_ttl":"2s","total":2000,"concurrency":50,"success":2000,"errors":0,"allowed":2000,"blocked":0,"denied":0,"invalid_signature":0,"handler_calls":0,"elapsed_seconds":0.256258611,"throughput":7804.615783233133,"avg_ms":5.688625,"p50_ms":1.510231,"p95_ms":35.327667,"p99_ms":89.233424,"max_ms":206.349957}
