{"timestamp":"2026-06-21T13:33:52Z","broker":"nats","mode":"publish","scenario":"valid","expect":"allowed","cache_ttl":"2s","total":2000,"concurrency":50,"success":2000,"errors":0,"allowed":2000,"blocked":0,"denied":0,"invalid_signature":0,"handler_calls":0,"elapsed_seconds":0.276657809,"throughput":7229.147108585683,"avg_ms":6.245855,"p50_ms":1.954597,"p95_ms":14.172831,"p99_ms":120.725804,"max_ms":202.253828}
