mode,n,c,rps,p50_ms,p95_ms,p99_ms,avg_ms,ok,fail
charge,5000,1,3381.2,,,,,5000,0
charge,5000,5,12037.2,,,,,5000,0
charge,5000,10,18110.8,,,1.536879,,5000,0
charge,5000,20,27144.5,,1.14962,1.420952,,5000,0
charge,5000,50,27805.5,1.483449,3.585066,5.8437,1.789,5000,0
charge,5000,100,31015.4,2.789507,7.312141,9.908317,3.201819,5000,0
