{"timestamp":"2026-06-21T13:17:42Z","broker":"kafka","mode":"consume","scenario":"denied","expect":"denied","cache_ttl":"2s","total":50000,"concurrency":100,"success":50000,"errors":0,"allowed":0,"blocked":0,"denied":50000,"invalid_signature":0,"handler_calls":0,"elapsed_seconds":4.556918876,"throughput":10972.32611783717,"avg_ms":9.048789,"p50_ms":6.421994,"p95_ms":19.328432,"p99_ms":42.522862,"max_ms":410.629904}
