{"timestamp":"2026-06-21T13:17:30Z","broker":"kafka","mode":"consume","scenario":"denied","expect":"denied","cache_ttl":"2s","total":50000,"concurrency":10,"success":50000,"errors":0,"allowed":0,"blocked":0,"denied":50000,"invalid_signature":0,"handler_calls":0,"elapsed_seconds":33.682675209,"throughput":1484.442660499841,"avg_ms":6.729839,"p50_ms":6.536346,"p95_ms":7.843958,"p99_ms":10.097073,"max_ms":35.794406}
