{"timestamp":"2026-06-21T13:15:08Z","broker":"kafka","mode":"e2e","scenario":"valid","expect":"allowed","cache_ttl":"2s","total":50000,"concurrency":100,"success":50000,"errors":0,"allowed":50000,"blocked":0,"denied":0,"invalid_signature":0,"handler_calls":50000,"elapsed_seconds":3.317301452,"throughput":15072.492121526975,"avg_ms":6.581974,"p50_ms":4.035225,"p95_ms":11.213949,"p99_ms":31.737954,"max_ms":729.844448}
