{"timestamp":"2026-06-21T13:17:37Z","broker":"kafka","mode":"consume","scenario":"denied","expect":"denied","cache_ttl":"2s","total":50000,"concurrency":50,"success":50000,"errors":0,"allowed":0,"blocked":0,"denied":50000,"invalid_signature":0,"handler_calls":0,"elapsed_seconds":7.656387526,"throughput":6530.494940362819,"avg_ms":7.639205,"p50_ms":7.135334,"p95_ms":10.001733,"p99_ms":16.370386,"max_ms":121.995765}
