{"timestamp":"2026-06-21T13:14:55Z","broker":"kafka","mode":"publish","scenario":"valid","expect":"allowed","cache_ttl":"2s","total":50000,"concurrency":50,"success":50000,"errors":0,"allowed":50000,"blocked":0,"denied":0,"invalid_signature":0,"handler_calls":0,"elapsed_seconds":6.480686978,"throughput":7715.231451501221,"avg_ms":6.445676,"p50_ms":6.015471,"p95_ms":7.136548,"p99_ms":11.742554,"max_ms":166.379293}
