{"timestamp":"2026-06-21T13:19:02Z","broker":"kafka","mode":"publish","scenario":"valid","expect":"allowed","cache_ttl":"0s","total":50000,"concurrency":10,"success":50000,"errors":0,"allowed":50000,"blocked":0,"denied":0,"invalid_signature":0,"handler_calls":0,"elapsed_seconds":50.163382615,"throughput":996.7429904746665,"avg_ms":9.985034,"p50_ms":7.885243,"p95_ms":21.352069,"p99_ms":35.263695,"max_ms":133.521843}
