{"timestamp":"2026-06-21T13:14:15Z","broker":"kafka","mode":"publish","scenario":"valid","expect":"allowed","cache_ttl":"2s","total":50000,"concurrency":10,"success":50000,"errors":0,"allowed":50000,"blocked":0,"denied":0,"invalid_signature":0,"handler_calls":0,"elapsed_seconds":28.839605634,"throughput":1733.72689746677,"avg_ms":5.758896,"p50_ms":5.609381,"p95_ms":6.124354,"p99_ms":7.857701,"max_ms":62.659093}
