{"timestamp":"2026-06-21T13:25:42Z","broker":"kafka","mode":"e2e","scenario":"valid","expect":"allowed","cache_ttl":"0s","total":50000,"concurrency":100,"success":6646,"errors":43354,"allowed":6646,"blocked":43354,"denied":0,"invalid_signature":0,"handler_calls":6646,"elapsed_seconds":40.921466523,"throughput":1221.8525934767608,"avg_ms":80.211325,"p50_ms":0.040346,"p95_ms":559.982354,"p99_ms":992.682859,"max_ms":2642.813289,"first_error":"fail-closed: policy-server unavailable"}
