{"timestamp":"2026-06-21T13:14:49Z","broker":"kafka","mode":"e2e","scenario":"valid","expect":"allowed","cache_ttl":"2s","total":50000,"concurrency":10,"success":50000,"errors":0,"allowed":50000,"blocked":0,"denied":0,"invalid_signature":0,"handler_calls":50000,"elapsed_seconds":33.092820402,"throughput":1510.9017422092616,"avg_ms":6.612406,"p50_ms":6.375542,"p95_ms":7.400696,"p99_ms":10.236652,"max_ms":73.777479}
