{"timestamp":"2026-06-21T13:20:03Z","broker":"kafka","mode":"e2e","scenario":"valid","expect":"allowed","cache_ttl":"0s","total":50000,"concurrency":10,"success":50000,"errors":0,"allowed":50000,"blocked":0,"denied":0,"invalid_signature":0,"handler_calls":50000,"elapsed_seconds":60.367370751,"throughput":828.262012706123,"avg_ms":12.052696,"p50_ms":10.580764,"p95_ms":23.302834,"p99_ms":36.056903,"max_ms":149.342232}
