{"timestamp":"2026-06-21T13:25:00Z","broker":"kafka","mode":"publish","scenario":"valid","expect":"allowed","cache_ttl":"0s","total":50000,"concurrency":100,"success":20521,"errors":29479,"allowed":20521,"blocked":29479,"denied":0,"invalid_signature":0,"handler_calls":0,"elapsed_seconds":50.435628272,"throughput":991.3626877085647,"avg_ms":94.926973,"p50_ms":0.037044,"p95_ms":488.651206,"p99_ms":774.794374,"max_ms":2222.71168,"first_error":"fail-closed: policy-server unavailable"}
