{"timestamp":"2026-06-21T13:21:39Z","broker":"kafka","mode":"publish","scenario":"valid","expect":"allowed","cache_ttl":"0s","total":50000,"concurrency":50,"success":50000,"errors":0,"allowed":50000,"blocked":0,"denied":0,"invalid_signature":0,"handler_calls":0,"elapsed_seconds":95.675279598,"throughput":522.6010335175985,"avg_ms":89.175828,"p50_ms":65.165501,"p95_ms":250.622378,"p99_ms":377.644678,"max_ms":1011.229476}
