{"timestamp":"2026-06-21T13:16:06Z","broker":"kafka","mode":"consume","scenario":"valid","expect":"allowed","cache_ttl":"2s","total":50000,"concurrency":50,"success":50000,"errors":0,"allowed":50000,"blocked":0,"denied":0,"invalid_signature":0,"handler_calls":50000,"elapsed_seconds":8.452122355,"throughput":5915.67394554122,"avg_ms":8.40205,"p50_ms":7.370518,"p95_ms":12.000531,"p99_ms":26.210815,"max_ms":290.855344}
