{"timestamp":"2026-06-21T13:15:57Z","broker":"kafka","mode":"consume","scenario":"valid","expect":"allowed","cache_ttl":"2s","total":50000,"concurrency":10,"success":50000,"errors":0,"allowed":50000,"blocked":0,"denied":0,"invalid_signature":0,"handler_calls":50000,"elapsed_seconds":33.106480201,"throughput":1510.2783411716998,"avg_ms":6.614549,"p50_ms":6.374353,"p95_ms":7.445354,"p99_ms":10.434359,"max_ms":99.561416}
