{"timestamp":"2026-06-21T13:24:10Z","broker":"kafka","mode":"e2e","scenario":"valid","expect":"allowed","cache_ttl":"0s","total":50000,"concurrency":50,"success":49926,"errors":74,"allowed":49926,"blocked":74,"denied":0,"invalid_signature":0,"handler_calls":49926,"elapsed_seconds":150.602413288,"throughput":331.9999919548699,"avg_ms":148.750633,"p50_ms":130.56178,"p95_ms":324.114336,"p99_ms":466.383103,"max_ms":974.274493,"first_error":"fail-closed: policy-server unavailable"}
