{"timestamp":"2026-06-21T13:15:05Z","broker":"kafka","mode":"publish","scenario":"valid","expect":"allowed","cache_ttl":"2s","total":50000,"concurrency":100,"success":50000,"errors":0,"allowed":50000,"blocked":0,"denied":0,"invalid_signature":0,"handler_calls":0,"elapsed_seconds":1.548712615,"throughput":32284.879399655438,"avg_ms":2.972219,"p50_ms":1.811255,"p95_ms":6.068173,"p99_ms":14.304051,"max_ms":236.453777}
