{"timestamp":"2026-06-21T13:15:03Z","broker":"kafka","mode":"e2e","scenario":"valid","expect":"allowed","cache_ttl":"2s","total":50000,"concurrency":50,"success":50000,"errors":0,"allowed":50000,"blocked":0,"denied":0,"invalid_signature":0,"handler_calls":50000,"elapsed_seconds":7.820247567,"throughput":6393.659480933924,"avg_ms":7.804289,"p50_ms":6.941361,"p95_ms":9.133999,"p99_ms":28.526571,"max_ms":289.108123}
