{"timestamp":"2026-06-21T13:15:19Z","broker":"nats","mode":"e2e","scenario":"valid","expect":"allowed","cache_ttl":"2s","total":50000,"concurrency":50,"success":50000,"errors":0,"allowed":50000,"blocked":0,"denied":0,"invalid_signature":0,"handler_calls":50000,"elapsed_seconds":2.727152919,"throughput":18334.13874654823,"avg_ms":2.711155,"p50_ms":1.832146,"p95_ms":5.041299,"p99_ms":10.304024,"max_ms":358.483441}
