{"timestamp":"2026-06-21T13:17:51Z","broker":"nats","mode":"consume","scenario":"valid","expect":"allowed","cache_ttl":"2s","total":50000,"concurrency":50,"success":50000,"errors":0,"allowed":50000,"blocked":0,"denied":0,"invalid_signature":0,"handler_calls":50000,"elapsed_seconds":4.693666106,"throughput":10652.653782953175,"avg_ms":4.656721,"p50_ms":3.223075,"p95_ms":10.158692,"p99_ms":25.838601,"max_ms":243.770929}
