{"timestamp":"2026-06-21T13:32:12Z","broker":"nats","mode":"e2e","scenario":"valid","expect":"allowed","cache_ttl":"0s","total":50000,"concurrency":100,"success":11732,"errors":38268,"allowed":11732,"blocked":38268,"denied":0,"invalid_signature":0,"handler_calls":11732,"elapsed_seconds":47.336805131,"throughput":1056.2605537410027,"avg_ms":92.160027,"p50_ms":0.025929,"p95_ms":568.197809,"p99_ms":986.005654,"max_ms":2455.368461,"first_error":"fail-closed: policy-server unavailable"}
