{"timestamp":"2026-06-21T13:18:10Z","broker":"nats","mode":"consume","scenario":"denied","expect":"denied","cache_ttl":"2s","total":50000,"concurrency":50,"success":50000,"errors":0,"allowed":0,"blocked":0,"denied":50000,"invalid_signature":0,"handler_calls":0,"elapsed_seconds":3.442216035,"throughput":14525.526431695913,"avg_ms":3.415271,"p50_ms":2.548879,"p95_ms":8.123621,"p99_ms":13.896414,"max_ms":106.494214}
