{"timestamp":"2026-06-21T13:17:54Z","broker":"nats","mode":"consume","scenario":"valid","expect":"allowed","cache_ttl":"2s","total":50000,"concurrency":100,"success":50000,"errors":0,"allowed":50000,"blocked":0,"denied":0,"invalid_signature":0,"handler_calls":50000,"elapsed_seconds":2.460742743,"throughput":20319.068355370946,"avg_ms":4.862674,"p50_ms":3.891649,"p95_ms":9.10356,"p99_ms":18.450633,"max_ms":194.928599}
