{"timestamp":"2026-06-21T13:30:47Z","broker":"nats","mode":"e2e","scenario":"valid","expect":"allowed","cache_ttl":"0s","total":50000,"concurrency":50,"success":49997,"errors":3,"allowed":49997,"blocked":3,"denied":0,"invalid_signature":0,"handler_calls":49997,"elapsed_seconds":129.579877223,"throughput":385.86238134762766,"avg_ms":126.693508,"p50_ms":97.176375,"p95_ms":357.200422,"p99_ms":537.585115,"max_ms":1661.780165,"first_error":"fail-closed: policy-server unavailable"}
