{"timestamp":"2026-06-21T13:31:25Z","broker":"nats","mode":"publish","scenario":"valid","expect":"allowed","cache_ttl":"0s","total":50000,"concurrency":100,"success":18029,"errors":31971,"allowed":18029,"blocked":31971,"denied":0,"invalid_signature":0,"handler_calls":0,"elapsed_seconds":37.403590053,"throughput":1336.770078197071,"avg_ms":66.402616,"p50_ms":0.030752,"p95_ms":385.501986,"p99_ms":1143.56909,"max_ms":3662.024832,"first_error":"fail-closed: policy-server unavailable"}
