{"timestamp":"2026-06-21T13:15:20Z","broker":"nats","mode":"publish","scenario":"valid","expect":"allowed","cache_ttl":"2s","total":50000,"concurrency":100,"success":50000,"errors":0,"allowed":50000,"blocked":0,"denied":0,"invalid_signature":0,"handler_calls":0,"elapsed_seconds":1.656777365,"throughput":30179.069956089123,"avg_ms":3.211721,"p50_ms":2.499874,"p95_ms":5.381332,"p99_ms":8.671078,"max_ms":284.068224}
