{"timestamp":"2026-06-21T13:17:46Z","broker":"nats","mode":"consume","scenario":"valid","expect":"allowed","cache_ttl":"2s","total":50000,"concurrency":10,"success":50000,"errors":0,"allowed":50000,"blocked":0,"denied":0,"invalid_signature":0,"handler_calls":50000,"elapsed_seconds":3.534320037,"throughput":14146.992767084266,"avg_ms":0.699624,"p50_ms":0.561262,"p95_ms":1.467675,"p99_ms":2.430978,"max_ms":71.786946}
