{"timestamp":"2026-06-21T13:28:37Z","broker":"nats","mode":"publish","scenario":"valid","expect":"allowed","cache_ttl":"0s","total":50000,"concurrency":50,"success":36206,"errors":13794,"allowed":36206,"blocked":13794,"denied":0,"invalid_signature":0,"handler_calls":0,"elapsed_seconds":64.176019662,"throughput":779.1072158002045,"avg_ms":57.322474,"p50_ms":10.341521,"p95_ms":305.440297,"p99_ms":694.75162,"max_ms":2154.543435,"first_error":"fail-closed: policy-server unavailable"}
