{"timestamp":"2026-06-21T13:15:11Z","broker":"nats","mode":"publish","scenario":"valid","expect":"allowed","cache_ttl":"2s","total":50000,"concurrency":10,"success":50000,"errors":0,"allowed":50000,"blocked":0,"denied":0,"invalid_signature":0,"handler_calls":0,"elapsed_seconds":1.881373816,"throughput":26576.323947308512,"avg_ms":0.370742,"p50_ms":0.322545,"p95_ms":0.688156,"p99_ms":1.116368,"max_ms":35.021872}
