{"timestamp":"2026-06-21T13:18:12Z","broker":"nats","mode":"consume","scenario":"denied","expect":"denied","cache_ttl":"2s","total":50000,"concurrency":100,"success":50000,"errors":0,"allowed":0,"blocked":0,"denied":50000,"invalid_signature":0,"handler_calls":0,"elapsed_seconds":2.227298159,"throughput":22448.7232649843,"avg_ms":4.418761,"p50_ms":3.517076,"p95_ms":7.680604,"p99_ms":14.164544,"max_ms":193.632042}
