{"timestamp":"2026-06-21T13:17:56Z","broker":"nats","mode":"consume","scenario":"invalid-signature","expect":"invalid-signature","cache_ttl":"2s","total":50000,"concurrency":10,"success":50000,"errors":0,"allowed":0,"blocked":0,"denied":0,"invalid_signature":50000,"handler_calls":0,"elapsed_seconds":2.5221541800000002,"throughput":19824.323348860456,"avg_ms":0.499194,"p50_ms":0.431293,"p95_ms":0.964712,"p99_ms":1.646851,"max_ms":14.320282}
