{"timestamp":"2026-06-21T13:15:24Z","broker":"nats","mode":"e2e","scenario":"valid","expect":"allowed","cache_ttl":"2s","total":50000,"concurrency":100,"success":50000,"errors":0,"allowed":50000,"blocked":0,"denied":0,"invalid_signature":0,"handler_calls":50000,"elapsed_seconds":3.2750062030000002,"throughput":15267.146655844059,"avg_ms":6.475888,"p50_ms":4.169005,"p95_ms":11.865529,"p99_ms":44.575991,"max_ms":581.771008}
