{"timestamp":"2026-06-21T13:15:14Z","broker":"nats","mode":"e2e","scenario":"valid","expect":"allowed","cache_ttl":"2s","total":50000,"concurrency":10,"success":50000,"errors":0,"allowed":50000,"blocked":0,"denied":0,"invalid_signature":0,"handler_calls":50000,"elapsed_seconds":2.924557943,"throughput":17096.600913541894,"avg_ms":0.580176,"p50_ms":0.475124,"p95_ms":1.155747,"p99_ms":1.978357,"max_ms":48.500652}
