{"timestamp":"2026-06-21T13:26:38Z","broker":"nats","mode":"publish","scenario":"valid","expect":"allowed","cache_ttl":"0s","total":50000,"concurrency":10,"success":50000,"errors":0,"allowed":50000,"blocked":0,"denied":0,"invalid_signature":0,"handler_calls":0,"elapsed_seconds":56.45421728,"throughput":885.6734254592786,"avg_ms":11.211618,"p50_ms":7.358999,"p95_ms":33.82036,"p99_ms":55.295968,"max_ms":255.922073}
