{"timestamp":"2026-06-21T13:18:06Z","broker":"nats","mode":"consume","scenario":"denied","expect":"denied","cache_ttl":"2s","total":50000,"concurrency":10,"success":50000,"errors":0,"allowed":0,"blocked":0,"denied":50000,"invalid_signature":0,"handler_calls":0,"elapsed_seconds":2.977543333,"throughput":16792.36686359923,"avg_ms":0.590324,"p50_ms":0.469572,"p95_ms":1.307494,"p99_ms":2.485088,"max_ms":30.424854}
