{"timestamp":"2026-06-21T13:27:33Z","broker":"nats","mode":"e2e","scenario":"valid","expect":"allowed","cache_ttl":"0s","total":50000,"concurrency":10,"success":50000,"errors":0,"allowed":50000,"blocked":0,"denied":0,"invalid_signature":0,"handler_calls":50000,"elapsed_seconds":54.399433645,"throughput":919.1272160348242,"avg_ms":10.841963,"p50_ms":7.801282,"p95_ms":29.176688,"p99_ms":48.291651,"max_ms":228.812636}
