{"timestamp":"2026-06-21T13:15:16Z","broker":"nats","mode":"publish","scenario":"valid","expect":"allowed","cache_ttl":"2s","total":50000,"concurrency":50,"success":50000,"errors":0,"allowed":50000,"blocked":0,"denied":0,"invalid_signature":0,"handler_calls":0,"elapsed_seconds":2.048903684,"throughput":24403.294498639792,"avg_ms":2.011519,"p50_ms":1.564641,"p95_ms":4.005982,"p99_ms":7.025805,"max_ms":207.10616}
