{"timestamp":"2026-06-21T13:00:18Z","broker":"kafka","mode":"e2e","scenario":"valid","expect":"allowed","cache_ttl":"0s","total":100,"concurrency":5,"success":100,"errors":0,"allowed":100,"blocked":0,"denied":0,"invalid_signature":0,"handler_calls":100,"elapsed_seconds":0.276087741,"throughput":362.2036952375948,"avg_ms":13.427901,"p50_ms":9.733577,"p95_ms":24.80432,"p99_ms":73.698432,"max_ms":81.669584}
