{"timestamp":"2026-06-21T13:00:11Z","broker":"kafka","mode":"e2e","scenario":"valid","expect":"allowed","cache_ttl":"2s","total":100,"concurrency":5,"success":100,"errors":0,"allowed":100,"blocked":0,"denied":0,"invalid_signature":0,"handler_calls":100,"elapsed_seconds":0.188842098,"throughput":529.5429412143048,"avg_ms":9.121342,"p50_ms":6.85908,"p95_ms":17.988653,"p99_ms":49.078533,"max_ms":52.341248}
