{"timestamp":"2026-06-21T13:00:10Z","broker":"kafka","mode":"e2e","scenario":"valid","expect":"allowed","cache_ttl":"2s","total":100,"concurrency":2,"success":100,"errors":0,"allowed":100,"blocked":0,"denied":0,"invalid_signature":0,"handler_calls":100,"elapsed_seconds":0.510465491,"throughput":195.89962840406776,"avg_ms":10.194496,"p50_ms":7.432224,"p95_ms":17.646897,"p99_ms":82.485526,"max_ms":92.991679}
