{"timestamp":"2026-06-21T13:00:17Z","broker":"kafka","mode":"e2e","scenario":"valid","expect":"allowed","cache_ttl":"0s","total":100,"concurrency":2,"success":100,"errors":0,"allowed":100,"blocked":0,"denied":0,"invalid_signature":0,"handler_calls":100,"elapsed_seconds":0.427703584,"throughput":233.80678521506144,"avg_ms":8.539215,"p50_ms":7.493809,"p95_ms":9.731696,"p99_ms":39.698141,"max_ms":46.168327}
