{"timestamp":"2026-06-21T13:00:19Z","broker":"nats","mode":"e2e","scenario":"valid","expect":"allowed","cache_ttl":"0s","total":100,"concurrency":2,"success":100,"errors":0,"allowed":100,"blocked":0,"denied":0,"invalid_signature":0,"handler_calls":100,"elapsed_seconds":0.109052866,"throughput":916.9864458216073,"avg_ms":2.173923,"p50_ms":1.127448,"p95_ms":3.188173,"p99_ms":27.925433,"max_ms":35.568989}
