{"timestamp":"2026-06-21T13:00:19Z","broker":"nats","mode":"e2e","scenario":"valid","expect":"allowed","cache_ttl":"0s","total":100,"concurrency":5,"success":100,"errors":0,"allowed":100,"blocked":0,"denied":0,"invalid_signature":0,"handler_calls":100,"elapsed_seconds":0.136411138,"throughput":733.0779690438475,"avg_ms":6.755307,"p50_ms":3.345881,"p95_ms":21.165924,"p99_ms":42.98211,"max_ms":43.212303}
