{"timestamp":"2026-06-21T13:00:12Z","broker":"nats","mode":"e2e","scenario":"valid","expect":"allowed","cache_ttl":"2s","total":100,"concurrency":5,"success":100,"errors":0,"allowed":100,"blocked":0,"denied":0,"invalid_signature":0,"handler_calls":100,"elapsed_seconds":0.050292703,"throughput":1988.3600211346763,"avg_ms":2.488653,"p50_ms":0.386781,"p95_ms":3.431755,"p99_ms":38.931676,"max_ms":40.128467}
