{"timestamp":"2026-06-21T13:00:12Z","broker":"nats","mode":"e2e","scenario":"valid","expect":"allowed","cache_ttl":"2s","total":100,"concurrency":2,"success":100,"errors":0,"allowed":100,"blocked":0,"denied":0,"invalid_signature":0,"handler_calls":100,"elapsed_seconds":0.06010824,"throughput":1663.6654142593427,"avg_ms":1.194774,"p50_ms":0.269867,"p95_ms":0.864453,"p99_ms":25.985289,"max_ms":32.981713}
